<?xml version="1.0" encoding="UTF-8"?>
<!DOCTYPE topic PUBLIC "-//OASIS//DTD DITA Topic//EN"
 "topic.dtd">
<?Pub Inc?>
<topic id="ditaopentoolkitprojectmanagement" xml:lang="en-us">
<title>DITA Open Toolkit Project Management Guidelines</title>
<titlealts>
<navtitle>Project Management Guidelines</navtitle>
</titlealts>
<shortdesc>The<ph><cite> DITA Open Toolkit Project Management Guidelines</cite></ph> are designed to
provide information about how the project is managed. These guidelines are geared to an audience
that needs information about how to participate in the development of the DITA-OT.</shortdesc>
<body>
<p>The project is managed similarly to commercial software-development projects; it uses
requirements gathering, plan validation with stakeholders and contributors, scheduled activities,
tests, reviews, and builds. Quality is strongly emphasized.</p>
</body>
</topic><?Pub Caret -3?>
<?Pub *0000000672?>
