<?xml version="1.0" encoding="utf-8"?>
<!-- This file is part of the DITA Open Toolkit project hosted on 
     Sourceforge.net. See the accompanying license.txt file for 
     applicable licenses.-->
<!-- (C) Copyright IBM Corporation 2001, 2005. All Rights Reserved.
 *-->
<!DOCTYPE concept PUBLIC "-//OASIS//DTD DITA Concept//EN"
 "../../dtd/technicalContent/dtd/concept.dtd">
<concept id="lawnmowerconcept" xml:lang="en-us">
<title>Lawnmower</title>
<shortdesc>The lawnmower is a machine used to cut grass in the yard.</shortdesc>
<conbody><p>Lawnmowers can be 
electric, gas-powered, or manual.</p></conbody>
</concept>
