<?xml version="1.0" encoding="UTF-8" ?>
<!-- This file is part of the DITA Open Toolkit project hosted on 
     Sourceforge.net. See the accompanying license.txt file for 
     applicable licenses.-->
<!-- (c) Copyright IBM Corp. 2005, 2006 All Rights Reserved. -->
<project name="sample_wordrtf" default="samples.wordrtf" basedir=".">
  
  <property name="dita.dir" location="${basedir}/../.."/>
  
  <target name="samples.wordrtf" description="transform the samples to RTF" depends="clean.samples.wordrtf">
    <ant antfile="${dita.dir}/build.xml">
      <property name="args.input" location="${dita.dir}/samples/hierarchy.ditamap"/>
      <property name="output.dir" location="${dita.dir}/out/samples/wordrtf"/>
      <property name="transtype" value="wordrtf"/>
    </ant>
  </target>
  
  <target name="clean.samples.wordrtf" description="remove the sample RTF output">
    <delete dir="${dita.dir}/out/samples/wordrtf"/>
  </target>
      
</project>
