<?xml version="1.0" encoding="UTF-8" ?>
<!-- This file is part of the DITA Open Toolkit project hosted on 
     Sourceforge.net. See the accompanying license.txt file for 
     applicable licenses.-->
<!-- (c) Copyright IBM Corp. 2004, 2006 All Rights Reserved. -->
<project name="sample_troff" default="samples.troff" basedir=".">
  
  <property name="dita.dir" location="${basedir}/../.."/>
  
  <target name="samples.troff" description="test dita to troff" depends="clean.samples.troff">
    <ant antfile="${dita.dir}/build.xml">
      <property name="args.input" location="${dita.dir}/samples/hierarchy.ditamap"/>
      <property name="output.dir" location="${dita.dir}/out/samples/troff"/>
      <property name="transtype" value="troff"/>
    </ant>
  </target>
  
  <target name="clean.samples.troff" description="remove the sample troff output">
    <delete dir="${dita.dir}/out/samples/troff"/>
  </target>
  
</project>
