<?xml version="1.0" encoding="UTF-8" ?>
<!-- This file is part of the DITA Open Toolkit project hosted on 
     Sourceforge.net. See the accompanying license.txt file for 
     applicable licenses.-->
<!-- (c) Copyright IBM Corp. 2011 All Rights Reserved. -->
<project name="sample_docbook" default="samples.docbook" basedir=".">
  
  <property name="dita.dir" location="${basedir}/../.."/>
  
  <target name="samples.docbook" description="transform the samples to DocBook" depends="clean.samples.docbook">
    <ant antfile="${dita.dir}/build.xml">
      <property name="args.input" location="${dita.dir}/samples/hierarchy.ditamap"/>
      <property name="output.dir" location="${dita.dir}/out/samples/docbook"/>
      <property name="transtype" value="docbook"/>
    </ant>
  </target>
  
  <target name="clean.samples.docbook" description="remove the sample DocBook output">
    <delete dir="${dita.dir}/out/samples/docbook"/>
  </target>
  
</project>
