<?xml version="1.0" encoding="UTF-8"?>
<!DOCTYPE task PUBLIC "-//OASIS//DTD DITA Task//EN" "task.dtd">
<task id="runant" xml:lang="en">
  <title>Building output using Ant</title>
  <shortdesc>You can build output by running the <cmdname>ant</cmdname> command and specifying the
    DITA-OT parameters at the command prompt. You also can use an Ant build script to provide the
    DITA-OT parameters</shortdesc>
  <taskbody>
    <steps>
      <step conref="conref-task.dita#conref-task/run-startcmd">
        <cmd/>
      </step>
      <step>
        <cmd>To provide the DITA-OT parameters from the command prompt, issue the following
          command:</cmd>
        <info><codeblock>ant -Dargs.input=<varname>input-file</varname> -Dtranstype=<varname>transformation-type</varname> -D<varname>parameter-name</varname>=<varname>value</varname></codeblock>where:<ul
            conref="conref-task.dita#conref-task/basic-variables">
            <li/>
          </ul></info>
        <stepresult conref="conref-task.dita#conref-task/running-ditaot-results"/>
      </step>
      <step>
        <cmd>If you use a build script, issue the following command:</cmd>
        <info><codeblock xml:space="preserve" class="+ topic/pre pr-d/codeblock " xtrf="C:\dita-ot\src\main\doc\readme\DITA-antuse.xml" xtrc="codeblock:2">ant -f <varname class="+ topic/keyword sw-d/varname " xtrf="C:\dita-ot\src\main\doc\readme\DITA-antuse.xml" xtrc="varname:5">build-script</varname> <varname class="+ topic/keyword sw-d/varname " xtrf="C:\dita-ot\src\main\doc\readme\DITA-antuse.xml" xtrc="varname:6">target</varname></codeblock>where:<ul>
            <li><varname>build-script</varname> is name of the Ant build script.</li>
            <li><varname>target</varname> is an optional switch that specifies the name of the Ant
              target that you want to run. If you do not specify a target, the value of the @default
              attribute for the Ant project is used. </li>
          </ul></info>
      </step>
    </steps>
  </taskbody>
</task>
