<?xml version="1.0" encoding="UTF-8"?>
<!DOCTYPE reference PUBLIC "-//OASIS//DTD DITA Reference//EN"
 "reference.dtd">
<reference id="dw-articles" xml:lang="en-us">
<title>developerWorks articles</title>
<shortdesc>Between 2001 and 2005, IBM DITA experts published an important collection of articles on
the developerWorks Web site.</shortdesc>
<refbody>
<section>             <ul>
<li><xref format="html"
href="http://www-128.ibm.com/developerworks/xml/library/x-dita1/"
scope="external">Introduction to the Darwin Information Typing Architecture</xref></li>
<li><xref format="html"
href="http://www-128.ibm.com/developerworks/xml/library/x-dita2/index.html"
scope="external">Specializing topic types in DITA</xref></li>
<li><xref format="html"
href="http://www-128.ibm.com/developerworks/xml/library/x-dita5/index.html"
scope="external">Specializing domains in DITA</xref></li>
<li><xref format="html"
href="http://www-128.ibm.com/developerworks/xml/library/x-dita3/index.html"
scope="external">Frequently Asked Questions about the Darwin Information
Typing Architecture</xref></li>
<li><xref format="html"
href="http://www-128.ibm.com/developerworks/xml/library/x-dita6/index.html"
scope="external">Why use DITA to produce HTML deliverables?</xref></li>
<li><xref format="html"
href="http://www-128.ibm.com/developerworks/xml/library/x-dita7/index.html"
scope="external">Design patterns for information architecture with
DITA map domains</xref></li>
<li><xref format="html"
href="http://www-128.ibm.com/developerworks/xml/library/x-dita8a/"
scope="external">Migrating HTML to DITA, Part 1: Simple steps to move
from HTML to DITA</xref></li>
<li><xref format="html"
href="http://www-128.ibm.com/developerworks/xml/library/x-dita8b/"
scope="external">Migrating HTML to DITA, Part 2: Extend the migration
for more robust results</xref></li>
<li><xref format="html"
href="http://www-128.ibm.com/developerworks/xml/library/x-ecldita/"
scope="external">Transform Eclipse navigation files to DITA navigation
files</xref></li>
</ul>         </section>
</refbody>
</reference><?Pub Caret -2?>
<?Pub *0000002107?>
