<?xml version="1.0" encoding="UTF-8"?>
<contexts>
	<context id="introduction">
		<description>Introduction</description>
		<topic label="Introduction" href="topics/introduction.html#introduction" />
	</context>
	<context id="care">
		<description>Care and Preparation</description>
		<topic label="Care and Preparation" href="topics/care.html#care" />
	</context>
	<context id="d825e44">
		<description>Care and Preparation</description>
		<topic label="Care and Preparation" href="#d825e44" />
	</context>
	<context id="d825e47">
		<description>Care and Preparation</description>
		<topic label="Care and Preparation" href="#d825e47" />
	</context>
	<context id="d825e50">
		<description>Care and Preparation</description>
		<topic label="Care and Preparation" href="#d825e50" />
	</context>
	<context id="taskId">
		<description>Pruning</description>
		<topic label="Pruning" href="tasks/pruning.html#taskId" />
	</context>
	<context id="taskId">
		<description>Garden Preparation</description>
		<topic label="Garden Preparation" href="tasks/gardenPreparation.html#taskId" />
	</context>
	<context id="index">
		<description>Flowers by Season</description>
		<topic label="Flowers by Season" href="topics/index.html#index" />
	</context>
	<context id="conceptId">
		<description>Spring Flowers</description>
		<topic label="Spring Flowers" href="concepts/springFlowers.html#conceptId" />
	</context>
	<context id="topic-1">
		<description>Iris</description>
		<topic label="Iris" href="topics/flowers/iris.html#topic-1" />
	</context>
	<context id="use">
		<description>Iris</description>
		<topic label="Iris" href="#use" />
	</context>
	<context id="topic-1">
		<description>Snowdrop</description>
		<topic label="Snowdrop" href="topics/flowers/snowdrop.html#topic-1" />
	</context>
	<context id="conceptId">
		<description>Summer Flowers</description>
		<topic label="Summer Flowers" href="concepts/summerFlowers.html#conceptId" />
	</context>
	<context id="topic-1">
		<description>Gardenia</description>
		<topic label="Gardenia" href="topics/flowers/gardenia.html#topic-1" />
	</context>
	<context id="topic-1">
		<description>Lilac</description>
		<topic label="Lilac" href="topics/flowers/lilac.html#topic-1" />
	</context>
	<context id="conceptId">
		<description>Autumn Flowers</description>
		<topic label="Autumn Flowers" href="concepts/autumnFlowers.html#conceptId" />
	</context>
	<context id="topic-1">
		<description>Chrysanthemum</description>
		<topic label="Chrysanthemum" href="topics/flowers/chrysanthemum.html#topic-1" />
	</context>
	<context id="topic-1">
		<description>Salvia</description>
		<topic label="Salvia" href="topics/flowers/salvia.html#topic-1" />
	</context>
	<context id="conceptId">
		<description>Winter Flowers</description>
		<topic label="Winter Flowers" href="concepts/winterFlowers.html#conceptId" />
	</context>
	<context id="topic-1">
		<description>Gerbera</description>
		<topic label="Gerbera" href="topics/flowers/gerbera.html#topic-1" />
	</context>
	<context id="flowers.genus">
		<description>Genus</description>
		<topic label="Genus" href="concepts/glossaryGenus.html#flowers.genus" />
	</context>
	<context id="flowers.pollination">
		<description>Pollination</description>
		<topic label="Pollination" href="concepts/glossaryPollination.html#flowers.pollination" />
	</context>
	<context id="flowers.sepal">
		<description>Sepal</description>
		<topic label="Sepal" href="concepts/glossarySepal.html#flowers.sepal" />
	</context>
	<context id="flowers.rhizome">
		<description>Rhizome</description>
		<topic label="Rhizome" href="concepts/glossaryRhizome.html#flowers.rhizome" />
	</context>
	<context id="flowers.bulb">
		<description>Bulb</description>
		<topic label="Bulb" href="concepts/glossaryBulb.html#flowers.bulb" />
	</context>
	<context id="flowers.cultivar">
		<description>Cultivar</description>
		<topic label="Cultivar" href="concepts/glossaryCultivar.html#flowers.cultivar" />
	</context>
	<context id="flowers.perennial">
		<description>Perennial</description>
		<topic label="Perennial" href="concepts/glossaryPerennial.html#flowers.perennial" />
	</context>
	<context id="flowers.panicle">
		<description>Panicle</description>
		<topic label="Panicle" href="concepts/glossaryPanicle.html#flowers.panicle" />
	</context>
	<context id="topic-1">
		<description>Copyright</description>
		<topic label="Copyright" href="topics/copyright.html#topic-1" />
	</context>
</contexts>
