<?xml version="1.0" encoding="UTF-8"?>
<?NLS TYPE="org.eclipse.help.toc"?>
<toc label="Growing Flowers" topic="topics/introduction.html">
	<topic label="Introduction" href="topics/introduction.html" />
	<topic label="Care and Preparation" href="topics/care.html">
		<topic label="Pruning" href="tasks/pruning.html" />
		<topic label="Garden Preparation" href="tasks/gardenPreparation.html" />
	</topic>
	<topic label="Flowers by Season" href="topics/index.html">
		<topic label="Spring Flowers" href="concepts/springFlowers.html">
			<topic label="Iris" href="topics/flowers/iris.html" />
			<topic label="Snowdrop" href="topics/flowers/snowdrop.html" />
		</topic>
		<topic label="Summer Flowers" href="concepts/summerFlowers.html">
			<topic label="Gardenia" href="topics/flowers/gardenia.html" />
			<topic label="Lilac" href="topics/flowers/lilac.html" />
		</topic>
		<topic label="Autumn Flowers" href="concepts/autumnFlowers.html">
			<topic label="Chrysanthemum" href="topics/flowers/chrysanthemum.html" />
			<topic label="Salvia" href="topics/flowers/salvia.html" />
		</topic>
		<topic label="Winter Flowers" href="concepts/winterFlowers.html">
			<topic label="Gerbera" href="topics/flowers/gerbera.html" />
		</topic>
	</topic>
	<topic label="Glossary">
		<topic label="Genus" href="concepts/glossaryGenus.html" />
		<topic label="Pollination" href="concepts/glossaryPollination.html" />
		<topic label="Sepal" href="concepts/glossarySepal.html" />
		<topic label="Rhizome" href="concepts/glossaryRhizome.html" />
		<topic label="Bulb" href="concepts/glossaryBulb.html" />
		<topic label="Cultivar" href="concepts/glossaryCultivar.html" />
		<topic label="Perennial" href="concepts/glossaryPerennial.html" />
		<topic label="Panicle" href="concepts/glossaryPanicle.html" />
	</topic>
	<topic label="Copyright" href="topics/copyright.html" />
</toc>
