<?xml version="1.0" ?>
<index>
	<entry keyword="flowers">
		<entry keyword="autumn">
			<topic href="concepts/autumnFlowers.html#conceptId" title="Autumn Flowers" />
			<entry keyword="chrysanthemums">
				<topic href="topics/flowers/chrysanthemum.html#topic-1" title="Chrysanthemum" />
			</entry>
			<entry keyword="salvia">
				<topic href="topics/flowers/salvia.html#topic-1" title="Salvia" />
			</entry>
		</entry>
		<entry keyword="spring">
			<entry keyword="iris">
				<topic href="topics/flowers/iris.html#topic-1" title="Iris" />
			</entry>
			<entry keyword="snowdrop">
				<topic href="topics/flowers/snowdrop.html#topic-1" title="Snowdrop" />
			</entry>
		</entry>
		<entry keyword="summer">
			<entry keyword="gardenia">
				<topic href="topics/flowers/gardenia.html#topic-1" title="Gardenia" />
			</entry>
			<entry keyword="lilac">
				<topic href="topics/flowers/lilac.html#topic-1" title="Lilac" />
			</entry>
		</entry>
		<entry keyword="winter">
			<entry keyword="gerbera">
				<topic href="topics/flowers/gerbera.html#topic-1" title="Gerbera" />
			</entry>
		</entry>
	</entry>
	<entry keyword="general">
		<entry keyword="care">
			<entry keyword="cultivation">
				<topic href="tasks/gardenPreparation.html#taskId" title="Garden Preparation" />
			</entry>
		</entry>
		<entry keyword="planting">
			<topic href="tasks/gardenPreparation.html#taskId" title="Garden Preparation" />
		</entry>
	</entry>
	<entry keyword="tasks">
		<entry keyword="preparation">
			<topic href="tasks/pruning.html#taskId" title="Pruning" />
			<topic href="tasks/gardenPreparation.html#taskId" title="Garden Preparation" />
			<topic href="topics/care.html#care" title="Care and Preparation" />
		</entry>
		<entry keyword="pruning">
			<topic href="tasks/pruning.html#taskId" title="Pruning" />
		</entry>
	</entry>
</index>
